id;code;request_date;reason;status;beneficiary_note
1;ouch fen elegantly;2026-03-28T13:36:43;provided immediately;COMPLETED;righteously drat
2;restfully pace shinn;2026-03-28T02:02:13;in beneath;COMPLETED;until
3;ew boo;2026-03-28T07:33:13;carefully sew;PENDING;sans rebound yum
4;brave train meh;2026-03-28T06:16:07;afore keenly ick;EXPORT_SLIP_CREATED;cycle
5;gah fake posh;2026-03-27T14:57:09;lest resource section;REJECTED;prickly
6;fair yet dereference;2026-03-27T17:27:16;nauseate greedily helplessly;COMPLETED;certainly yahoo
7;seldom;2026-03-28T10:55:15;ack yippee anenst;PENDING;serene
8;biodegradable toward;2026-03-27T20:15:04;trouser sharply;CANCELLED;selfishly abseil remarkable
9;because;2026-03-28T00:09:06;queasy since authorized;REJECTED;compete ceramics shrill
10;doubtfully normal;2026-03-27T23:27:34;randomize;EXPORT_SLIP_CREATED;gee
