id;code;request_date;note;status
1;anenst instead;2026-03-28T08:17:12;down er;REJECTED
2;versus;2026-03-27T21:34:23;bookcase pretend ecliptic;COMPLETED
3;hippodrome tensely s;2026-03-28T11:34:15;pfft reiterate;COMPLETED
4;tighten management p;2026-03-28T11:52:01;ew curiously;REJECTED
5;yippee;2026-03-28T04:00:38;how hence rebuild;REJECTED
6;cap yahoo vainly;2026-03-28T05:16:23;meanwhile aha planula;PENDING
7;unnaturally aha hous;2026-03-28T07:08:22;unethically rim;PENDING
8;connect accessorise ;2026-03-28T12:30:28;daintily curse meh;REJECTED
9;coarse after;2026-03-28T07:09:49;honestly quantify;COMPLETED
10;prioritize;2026-03-27T19:40:09;lovable configuration drat;CANCELLED
